what,kind,bundleId,bundleVersion,description,time
activated,editor,org.eclipse.jdt.ui,3.5.2.r352_v20100106-0800,"org.eclipse.jdt.ui.CompilationUnitEditor",1271857064868
activated,editor,org.eclipse.jdt.ui,3.5.2.r352_v20100106-0800,"org.eclipse.jdt.ui.CompilationUnitEditor",1271857099833
activated,editor,org.eclipse.jdt.ui,3.5.2.r352_v20100106-0800,"org.eclipse.jdt.ui.CompilationUnitEditor",1271857109090
opened,view,org.eclipse.jdt.ui,3.5.2.r352_v20100106-0800,"org.eclipse.jdt.ui.TypeHierarchy",1271857212143
activated,view,org.eclipse.jdt.ui,3.5.2.r352_v20100106-0800,"org.eclipse.jdt.ui.TypeHierarchy",1271857212167
activated,editor,org.eclipse.jdt.ui,3.5.2.r352_v20100106-0800,"org.eclipse.jdt.ui.CompilationUnitEditor",1271857214890
activated,view,org.eclipse.jdt.ui,3.5.2.r352_v20100106-0800,"org.eclipse.jdt.ui.PackageExplorer",1271857217281
activated,editor,org.eclipse.jdt.ui,3.5.2.r352_v20100106-0800,"org.eclipse.jdt.ui.CompilationUnitEditor",1271857221608
activated,editor,org.eclipse.jdt.ui,3.5.2.r352_v20100106-0800,"org.eclipse.jdt.ui.CompilationUnitEditor",1271857260637
activated,editor,org.eclipse.jdt.ui,3.5.2.r352_v20100106-0800,"org.eclipse.jdt.ui.CompilationUnitEditor",1271857262957
activated,editor,org.eclipse.jdt.ui,3.5.2.r352_v20100106-0800,"org.eclipse.jdt.ui.CompilationUnitEditor",1271857266290
activated,editor,org.eclipse.jdt.ui,3.5.2.r352_v20100106-0800,"org.eclipse.jdt.ui.CompilationUnitEditor",1271857375882
activated,editor,org.eclipse.jdt.ui,3.5.2.r352_v20100106-0800,"org.eclipse.jdt.ui.CompilationUnitEditor",1271857406370
activated,editor,org.eclipse.jdt.ui,3.5.2.r352_v20100106-0800,"org.eclipse.jdt.ui.CompilationUnitEditor",1271857414575
activated,editor,org.eclipse.jdt.ui,3.5.2.r352_v20100106-0800,"org.eclipse.jdt.ui.CompilationUnitEditor",1271857442140
activated,editor,org.eclipse.jdt.ui,3.5.2.r352_v20100106-0800,"org.eclipse.jdt.ui.CompilationUnitEditor",1271857462829
activated,editor,org.eclipse.jdt.ui,3.5.2.r352_v20100106-0800,"org.eclipse.jdt.ui.CompilationUnitEditor",1271857494497
activated,editor,org.eclipse.jdt.ui,3.5.2.r352_v20100106-0800,"org.eclipse.jdt.ui.CompilationUnitEditor",1271857506579
deactivated,workbench,org.eclipse.ui.workbench,3.5.2.M20100113-0800,"",1271857530482
activated,view,org.eclipse.jdt.ui,3.5.2.r352_v20100106-0800,"org.eclipse.jdt.ui.PackageExplorer",1271857994398
activated,workbench,org.eclipse.ui.workbench,3.5.2.M20100113-0800,"",1271857994476
deactivated,workbench,org.eclipse.ui.workbench,3.5.2.M20100113-0800,"",1271857995939
activated,workbench,org.eclipse.ui.workbench,3.5.2.M20100113-0800,"",1271857997665
closed,workbench,org.eclipse.ui.workbench,3.5.2.M20100113-0800,"",1271857998167
stopped,bundle,org.eclipse.mylyn.ide.ant,3.2.3.v20100217-0100-e3x,"org.eclipse.mylyn.ide.ant",1271857998609
stopped,bundle,org.eclipse.ant.ui,3.4.2.v20091204_r352,"org.eclipse.ant.ui",1271857998644
stopped,bundle,org.eclipse.mylyn.java.tasks,3.2.3.v20100217-0100-e3x,"org.eclipse.mylyn.java.tasks",1271857998644
stopped,bundle,org.eclipse.mylyn.java.ui,3.2.3.v20100217-0100-e3x,"org.eclipse.mylyn.java.ui",1271857998644
stopped,bundle,org.eclipse.jdt.junit,3.5.2.r352_v20100113-0800,"org.eclipse.jdt.junit",1271857998644
stopped,bundle,org.eclipse.jdt.apt.ui,3.3.200.v20090930-2100_R35x,"org.eclipse.jdt.apt.ui",1271857998648
stopped,bundle,org.eclipse.jdt.debug.ui,3.4.1.v20090811_r351,"org.eclipse.jdt.debug.ui",1271857998648
stopped,bundle,org.eclipse.jdt.ui,3.5.2.r352_v20100106-0800,"org.eclipse.jdt.ui",1271857998667
stopped,bundle,org.eclipse.mylyn.bugzilla.ui,3.2.3.v20100217-0100-e3x,"org.eclipse.mylyn.bugzilla.ui",1271857998670
stopped,bundle,org.eclipse.mylyn.ide.ui,3.2.3.v20100217-0100-e3x,"org.eclipse.mylyn.ide.ui",1271857998686
stopped,bundle,org.eclipse.mylyn.team.ui,3.2.3.v20100217-0100-e3x,"org.eclipse.mylyn.team.ui",1271857998690
stopped,bundle,org.eclipse.mylyn.resources.ui,3.2.3.v20100217-0100-e3x,"org.eclipse.mylyn.resources.ui",1271857998702
stopped,bundle,org.eclipse.mylyn.wikitext.tasks.ui,1.1.3.v20100217-0100-e3x,"org.eclipse.mylyn.wikitext.tasks.ui",1271857998710
stopped,bundle,org.eclipse.mylyn.context.ui,3.2.3.v20100217-0100-e3x,"org.eclipse.mylyn.context.ui",1271857998720
stopped,bundle,org.eclipse.mylyn.help.ui,3.2.3.v20100217-0100-e3x,"org.eclipse.mylyn.help.ui",1271857998733
stopped,bundle,org.eclipse.mylyn.tasks.bugs,3.2.3.v20100217-0100-e3x,"org.eclipse.mylyn.tasks.bugs",1271857998747
stopped,bundle,org.eclipse.mylyn.tasks.ui,3.2.3.v20100217-0100-e3x,"org.eclipse.mylyn.tasks.ui",1271857998751
stopped,bundle,org.eclipse.wst.dtd.ui,1.0.400.v200904300717,"org.eclipse.wst.dtd.ui",1271857998773
activated,perspective,org.eclipse.jdt.ui,,"org.eclipse.jdt.ui.JavaPerspective",1271932388158
started,bundle,org.eclipse.osgi,3.5.2.R35x_v20100126,"org.eclipse.osgi",1271932388159
started,bundle,org.eclipse.equinox.simpleconfigurator,1.0.101.R35x_v20090807-1100,"org.eclipse.equinox.simpleconfigurator",1271932388182
started,bundle,com.ibm.icu,4.0.1.v20090822,"com.ibm.icu",1271932388195
started,bundle,org.eclipse.compare.core,3.5.0.I20090430-0408,"org.eclipse.compare.core",1271932388198
started,bundle,org.eclipse.core.contenttype,3.4.1.R35x_v20090826-0451,"org.eclipse.core.contenttype",1271932388203
started,bundle,org.eclipse.core.databinding.observable,1.2.0.M20090902-0800,"org.eclipse.core.databinding.observable",1271932388240
started,bundle,org.eclipse.core.expressions,3.4.101.R35x_v20100209,"org.eclipse.core.expressions",1271932388241
started,bundle,org.eclipse.core.filebuffers,3.5.0.v20090526-2000,"org.eclipse.core.filebuffers",1271932388251
started,bundle,org.eclipse.core.filesystem,1.2.1.R35x_v20091203-1235,"org.eclipse.core.filesystem",1271932388252
started,bundle,org.eclipse.core.jobs,3.4.100.v20090429-1800,"org.eclipse.core.jobs",1271932388296
started,bundle,org.eclipse.core.net,1.2.1.r35x_20090812-1200,"org.eclipse.core.net",1271932388318
started,bundle,org.eclipse.core.resources,3.5.2.R35x_v20091203-1235,"org.eclipse.core.resources",1271932388319
started,bundle,org.eclipse.core.runtime,3.5.0.v20090525,"org.eclipse.core.runtime",1271932388362
started,bundle,org.eclipse.core.runtime.compatibility,3.2.0.v20090413,"org.eclipse.core.runtime.compatibility",1271932388425
started,bundle,org.eclipse.core.runtime.compatibility.auth,3.2.100.v20090413,"org.eclipse.core.runtime.compatibility.auth",1271932388478
started,bundle,org.eclipse.debug.core,3.5.1.v20091103_r352,"org.eclipse.debug.core",1271932388527
started,bundle,org.eclipse.ecf.filetransfer,3.0.0.v20090831-1906,"org.eclipse.ecf.filetransfer",1271932388537
started,bundle,org.eclipse.epp.usagedata.gathering,1.1.1.R201001291118,"org.eclipse.epp.usagedata.gathering",1271932388555
started,bundle,org.eclipse.epp.usagedata.recording,1.1.1.R201001291118,"org.eclipse.epp.usagedata.recording",1271932388555
started,bundle,org.eclipse.equinox.app,1.2.1.R35x_v20091203,"org.eclipse.equinox.app",1271932388592
started,bundle,org.eclipse.equinox.common,3.5.1.R35x_v20090807-1100,"org.eclipse.equinox.common",1271932388629
started,bundle,org.eclipse.equinox.ds,1.1.1.R35x_v20090806,"org.eclipse.equinox.ds",1271932388652
started,bundle,org.eclipse.equinox.frameworkadmin,1.0.100.v20090520-1905,"org.eclipse.equinox.frameworkadmin",1271932388689
started,bundle,org.eclipse.equinox.frameworkadmin.equinox,1.0.101.R35x_v20091214,"org.eclipse.equinox.frameworkadmin.equinox",1271932388701
started,bundle,org.eclipse.equinox.p2.core,1.0.101.R35x_v20090819,"org.eclipse.equinox.p2.core",1271932388753
started,bundle,org.eclipse.equinox.p2.director,1.0.101.R35x_v20100112,"org.eclipse.equinox.p2.director",1271932388830
started,bundle,org.eclipse.equinox.p2.directorywatcher,1.0.100.v20090525,"org.eclipse.equinox.p2.directorywatcher",1271932388831
started,bundle,org.eclipse.equinox.p2.engine,1.0.102.R35x_v20091117,"org.eclipse.equinox.p2.engine",1271932388840
started,bundle,org.eclipse.equinox.p2.exemplarysetup,1.0.100.v20090520-1905,"org.eclipse.equinox.p2.exemplarysetup",1271932388851
started,bundle,org.eclipse.equinox.p2.garbagecollector,1.0.100.v20090520-1905,"org.eclipse.equinox.p2.garbagecollector",1271932388889
started,bundle,org.eclipse.equinox.p2.metadata.repository,1.0.101.R35x_v20090812,"org.eclipse.equinox.p2.metadata.repository",1271932388975
started,bundle,org.eclipse.equinox.p2.reconciler.dropins,1.0.100.v20090520-1905,"org.eclipse.equinox.p2.reconciler.dropins",1271932388976
started,bundle,org.eclipse.equinox.p2.repository,1.0.1.R35x_v20100105,"org.eclipse.equinox.p2.repository",1271932388976
started,bundle,org.eclipse.equinox.p2.ui.sdk.scheduler,1.0.0.v20090520-1905,"org.eclipse.equinox.p2.ui.sdk.scheduler",1271932389001
started,bundle,org.eclipse.equinox.p2.updatechecker,1.1.0.v20090520-1905,"org.eclipse.equinox.p2.updatechecker",1271932389001
started,bundle,org.eclipse.equinox.preferences,3.2.301.R35x_v20091117,"org.eclipse.equinox.preferences",1271932389015
started,bundle,org.eclipse.equinox.registry,3.4.100.v20090520-1800,"org.eclipse.equinox.registry",1271932389018
started,bundle,org.eclipse.equinox.security,1.0.100.v20090520-1800,"org.eclipse.equinox.security",1271932389021
started,bundle,org.eclipse.equinox.simpleconfigurator.manipulator,1.0.101.R35x_v20100209,"org.eclipse.equinox.simpleconfigurator.manipulator",1271932389040
started,bundle,org.eclipse.equinox.util,1.0.100.v20090520-1800,"org.eclipse.equinox.util",1271932389049
started,bundle,org.eclipse.help,3.4.1.v20090805_35x,"org.eclipse.help",1271932389061
started,bundle,org.eclipse.help.base,3.4.0.v201002111343,"org.eclipse.help.base",1271932389062
started,bundle,org.eclipse.help.ui,3.4.1.v20090819_35x,"org.eclipse.help.ui",1271932389076
started,bundle,org.eclipse.jdt.apt.core,3.3.202.R35x_v20091130-2300,"org.eclipse.jdt.apt.core",1271932389088
started,bundle,org.eclipse.jdt.apt.pluggable.core,1.0.201.R35x_v20090925-1100,"org.eclipse.jdt.apt.pluggable.core",1271932389089
started,bundle,org.eclipse.jdt.core,3.5.2.v_981_R35x,"org.eclipse.jdt.core",1271932389108
started,bundle,org.eclipse.jdt.core.manipulation,1.3.0.v20090603,"org.eclipse.jdt.core.manipulation",1271932389121
started,bundle,org.eclipse.jdt.junit,3.5.2.r352_v20100113-0800,"org.eclipse.jdt.junit",1271932389123
started,bundle,org.eclipse.jdt.launching,3.5.1.v20100108_r352,"org.eclipse.jdt.launching",1271932389141
started,bundle,org.eclipse.jdt.launching.macosx,3.2.0.v20090527,"org.eclipse.jdt.launching.macosx",1271932389141
started,bundle,org.eclipse.jdt.ui,3.5.2.r352_v20100106-0800,"org.eclipse.jdt.ui",1271932389141
started,bundle,org.eclipse.jface,3.5.2.M20100120-0800,"org.eclipse.jface",1271932389153
started,bundle,org.eclipse.jsch.core,1.1.100.I20090430-0408,"org.eclipse.jsch.core",1271932389154
started,bundle,org.eclipse.ltk.core.refactoring,3.5.0.v20090513-2000,"org.eclipse.ltk.core.refactoring",1271932389163
started,bundle,org.eclipse.ltk.ui.refactoring,3.4.101.r352_v20100209,"org.eclipse.ltk.ui.refactoring",1271932389164
started,bundle,org.eclipse.mylyn.bugzilla.core,3.2.3.v20100217-0100-e3x,"org.eclipse.mylyn.bugzilla.core",1271932389167
started,bundle,org.eclipse.mylyn.bugzilla.ui,3.2.3.v20100217-0100-e3x,"org.eclipse.mylyn.bugzilla.ui",1271932389181
started,bundle,org.eclipse.mylyn.commons.net,3.2.0.v20090617-0100-e3x,"org.eclipse.mylyn.commons.net",1271932389181
started,bundle,org.eclipse.mylyn.commons.ui,3.2.3.v20100217-0100-e3x,"org.eclipse.mylyn.commons.ui",1271932389182
started,bundle,org.eclipse.mylyn.context.core,3.2.3.v20100217-0100-e3x,"org.eclipse.mylyn.context.core",1271932389183
started,bundle,org.eclipse.mylyn.context.ui,3.2.3.v20100217-0100-e3x,"org.eclipse.mylyn.context.ui",1271932389201
started,bundle,org.eclipse.mylyn.monitor.ui,3.2.3.v20100217-0100-e3x,"org.eclipse.mylyn.monitor.ui",1271932389217
started,bundle,org.eclipse.mylyn.tasks.ui,3.2.3.v20100217-0100-e3x,"org.eclipse.mylyn.tasks.ui",1271932389218
started,bundle,org.eclipse.mylyn.team.ui,3.2.3.v20100217-0100-e3x,"org.eclipse.mylyn.team.ui",1271932389225
started,bundle,org.eclipse.search,3.5.1.r351_v20090708-0800,"org.eclipse.search",1271932389226
started,bundle,org.eclipse.team.core,3.5.1.r35x_20100113-0800,"org.eclipse.team.core",1271932389226
started,bundle,org.eclipse.team.cvs.core,3.3.200.I20090430-0408,"org.eclipse.team.cvs.core",1271932389231
started,bundle,org.eclipse.team.cvs.ui,3.3.202.r35x_20090930-0800,"org.eclipse.team.cvs.ui",1271932389232
started,bundle,org.eclipse.team.ui,3.5.0.I20090430-0408,"org.eclipse.team.ui",1271932389232
started,bundle,org.eclipse.ui,3.5.2.M20100120-0800,"org.eclipse.ui",1271932389233
started,bundle,org.eclipse.ui.cheatsheets,3.3.200.v20090526,"org.eclipse.ui.cheatsheets",1271932389243
started,bundle,org.eclipse.ui.console,3.4.0.v20090513,"org.eclipse.ui.console",1271932389251
started,bundle,org.eclipse.ui.editors,3.5.0.v20090527-2000,"org.eclipse.ui.editors",1271932389251
started,bundle,org.eclipse.ui.forms,3.4.1.v20090714_35x,"org.eclipse.ui.forms",1271932389265
started,bundle,org.eclipse.ui.ide,3.5.2.M20100113-0800,"org.eclipse.ui.ide",1271932389276
started,bundle,org.eclipse.ui.intro,3.3.2.v20100111_35x,"org.eclipse.ui.intro",1271932389277
started,bundle,org.eclipse.ui.intro.universal,3.2.300.v20090526,"org.eclipse.ui.intro.universal",1271932389277
started,bundle,org.eclipse.ui.net,1.2.1.r35x_20090812-1200,"org.eclipse.ui.net",1271932389287
started,bundle,org.eclipse.ui.views,3.4.1.M20090826-0800,"org.eclipse.ui.views",1271932389288
started,bundle,org.eclipse.ui.workbench,3.5.2.M20100113-0800,"org.eclipse.ui.workbench",1271932389288
started,bundle,org.eclipse.ui.workbench.texteditor,3.5.1.r352_v20100105,"org.eclipse.ui.workbench.texteditor",1271932389289
started,bundle,org.eclipse.update.configurator,3.3.0.v20090312,"org.eclipse.update.configurator",1271932389302
os,sysinfo,,,"macosx",1271932389305
arch,sysinfo,,,"x86",1271932389305
ws,sysinfo,,,"carbon",1271932389305
locale,sysinfo,,,"en_US",1271932389305
processors,sysinfo,,,"2",1271932389305
java.runtime.name,sysinfo,,,"Java(TM) SE Runtime Environment",1271932389305
java.runtime.version,sysinfo,,,"1.6.0_17-b04-248-10M3025",1271932389305
java.specification.name,sysinfo,,,"Java Platform API Specification",1271932389305
java.specification.vendor,sysinfo,,,"Sun Microsystems Inc.",1271932389305
java.specification.version,sysinfo,,,"1.6",1271932389305
java.vendor,sysinfo,,,"Apple Inc.",1271932389305
java.version,sysinfo,,,"1.6.0_17",1271932389305
java.vm.info,sysinfo,,,"mixed mode",1271932389305
java.vm.name,sysinfo,,,"Java HotSpot(TM) Client VM",1271932389305
java.vm.specification.name,sysinfo,,,"Java Virtual Machine Specification",1271932389305
java.vm.specification.vendor,sysinfo,,,"Sun Microsystems Inc.",1271932389305
java.vm.specification.version,sysinfo,,,"1.0",1271932389305
java.vm.vendor,sysinfo,,,"Apple Inc.",1271932389305
java.vm.version,sysinfo,,,"14.3-b01-101",1271932389305
started,bundle,org.eclipse.update.scheduler,3.2.200.v20081127,"org.eclipse.update.scheduler",1271932389379
started,bundle,org.eclipse.update.core,3.2.300.v20090525,"org.eclipse.update.core",1271932389388
activated,workbench,org.eclipse.ui.workbench,3.5.2.M20100113-0800,"",1271932395075
activated,editor,org.eclipse.jdt.ui,3.5.2.r352_v20100106-0800,"org.eclipse.jdt.ui.CompilationUnitEditor",1271932395124
activated,view,org.eclipse.ui,3.5.2.M20100120-0800,"org.eclipse.ui.internal.introview",1271932395125
activated,view,org.eclipse.jdt.ui,3.5.2.r352_v20100106-0800,"org.eclipse.jdt.ui.PackageExplorer",1271932395176
closed,view,org.eclipse.ui,3.5.2.M20100120-0800,"org.eclipse.ui.internal.introview",1271932395205
activated,editor,org.eclipse.jdt.ui,3.5.2.r352_v20100106-0800,"org.eclipse.jdt.ui.CompilationUnitEditor",1271932413760
started,bundle,org.eclipse.mylyn.java.tasks,3.2.3.v20100217-0100-e3x,"org.eclipse.mylyn.java.tasks",1271932420305
executed,command,org.eclipse.ui,3.5.2.M20100120-0800,"org.eclipse.ui.edit.copy",1271932420502
executed,command,org.eclipse.ui,3.5.2.M20100120-0800,"org.eclipse.ui.edit.paste",1271932424600
started,bundle,org.eclipse.mylyn.java.ui,3.2.3.v20100217-0100-e3x,"org.eclipse.mylyn.java.ui",1271932475543
executed,command,org.eclipse.ui,3.5.2.M20100120-0800,"org.eclipse.ui.edit.copy",1271932535663
executed,command,org.eclipse.ui,3.5.2.M20100120-0800,"org.eclipse.ui.edit.paste",1271932540222
deactivated,workbench,org.eclipse.ui.workbench,3.5.2.M20100113-0800,"",1271932626107
activated,workbench,org.eclipse.ui.workbench,3.5.2.M20100113-0800,"",1271932626895
opened,editor,org.eclipse.jdt.ui,3.5.2.r352_v20100106-0800,"org.eclipse.jdt.ui.CompilationUnitEditor",1271932627044
activated,editor,org.eclipse.jdt.ui,3.5.2.r352_v20100106-0800,"org.eclipse.jdt.ui.CompilationUnitEditor",1271932627133
deactivated,workbench,org.eclipse.ui.workbench,3.5.2.M20100113-0800,"",1271932627816
activated,workbench,org.eclipse.ui.workbench,3.5.2.M20100113-0800,"",1271932628523
opened,editor,org.eclipse.jdt.ui,3.5.2.r352_v20100106-0800,"org.eclipse.jdt.ui.CompilationUnitEditor",1271932628675
activated,editor,org.eclipse.jdt.ui,3.5.2.r352_v20100106-0800,"org.eclipse.jdt.ui.CompilationUnitEditor",1271932628776
activated,editor,org.eclipse.jdt.ui,3.5.2.r352_v20100106-0800,"org.eclipse.jdt.ui.CompilationUnitEditor",1271932634504
deactivated,workbench,org.eclipse.ui.workbench,3.5.2.M20100113-0800,"",1271932653531
activated,workbench,org.eclipse.ui.workbench,3.5.2.M20100113-0800,"",1271932708690
deactivated,workbench,org.eclipse.ui.workbench,3.5.2.M20100113-0800,"",1271932716639
activated,workbench,org.eclipse.ui.workbench,3.5.2.M20100113-0800,"",1271932740640
executed,command,org.eclipse.ui,3.5.2.M20100120-0800,"org.eclipse.ui.edit.copy",1271932744380
executed,command,org.eclipse.ui,3.5.2.M20100120-0800,"org.eclipse.ui.edit.paste",1271932752891
executed,command,org.eclipse.ui,3.5.2.M20100120-0800,"org.eclipse.ui.edit.copy",1271932911365
executed,command,org.eclipse.ui,3.5.2.M20100120-0800,"org.eclipse.ui.edit.paste",1271932915415
executed,command,org.eclipse.ui,3.5.2.M20100120-0800,"org.eclipse.ui.edit.copy",1271932946852
opened,view,org.eclipse.help.ui,3.4.1.v20090819_35x,"org.eclipse.help.ui.HelpView",1271932950225
activated,view,org.eclipse.help.ui,3.4.1.v20090819_35x,"org.eclipse.help.ui.HelpView",1271932950277
activated,editor,org.eclipse.jdt.ui,3.5.2.r352_v20100106-0800,"org.eclipse.jdt.ui.CompilationUnitEditor",1271932954365
closed,view,org.eclipse.help.ui,3.4.1.v20090819_35x,"org.eclipse.help.ui.HelpView",1271932954382
executed,command,org.eclipse.ui,3.5.2.M20100120-0800,"org.eclipse.ui.edit.paste",1271932959073
executed,command,org.eclipse.ui,3.5.2.M20100120-0800,"org.eclipse.ui.edit.copy",1271932998303
executed,command,org.eclipse.ui,3.5.2.M20100120-0800,"org.eclipse.ui.edit.paste",1271933004052
executed,command,org.eclipse.ui,3.5.2.M20100120-0800,"org.eclipse.ui.edit.undo",1271933024248
executed,command,org.eclipse.ui,3.5.2.M20100120-0800,"org.eclipse.ui.edit.undo",1271933024551
executed,command,org.eclipse.ui,3.5.2.M20100120-0800,"org.eclipse.ui.edit.undo",1271933024853
executed,command,org.eclipse.ui,3.5.2.M20100120-0800,"org.eclipse.ui.edit.undo",1271933025158
executed,command,org.eclipse.ui,3.5.2.M20100120-0800,"org.eclipse.ui.edit.undo",1271933025529
executed,command,org.eclipse.ui,3.5.2.M20100120-0800,"org.eclipse.ui.edit.undo",1271933026067
executed,command,org.eclipse.ui,3.5.2.M20100120-0800,"org.eclipse.ui.edit.copy",1271933031115
executed,command,org.eclipse.ui,3.5.2.M20100120-0800,"org.eclipse.ui.edit.paste",1271933034440
activated,editor,org.eclipse.jdt.ui,3.5.2.r352_v20100106-0800,"org.eclipse.jdt.ui.CompilationUnitEditor",1271933193304
activated,editor,org.eclipse.jdt.ui,3.5.2.r352_v20100106-0800,"org.eclipse.jdt.ui.CompilationUnitEditor",1271933273194
executed,command,org.eclipse.ui,3.5.2.M20100120-0800,"org.eclipse.ui.edit.delete",1271933298332
executed,command,org.eclipse.ui,3.5.2.M20100120-0800,"org.eclipse.ui.edit.delete",1271933298493
executed,command,org.eclipse.ui,3.5.2.M20100120-0800,"org.eclipse.ui.edit.delete",1271933298654
executed,command,org.eclipse.ui,3.5.2.M20100120-0800,"org.eclipse.ui.edit.delete",1271933299379
activated,editor,org.eclipse.jdt.ui,3.5.2.r352_v20100106-0800,"org.eclipse.jdt.ui.CompilationUnitEditor",1271933401409
activated,editor,org.eclipse.jdt.ui,3.5.2.r352_v20100106-0800,"org.eclipse.jdt.ui.CompilationUnitEditor",1271933439831
executed,command,org.eclipse.ui,3.5.2.M20100120-0800,"org.eclipse.ui.edit.delete",1271933546219
started,bundle,org.eclipse.debug.ui,3.5.2.v20091028_r352,"org.eclipse.debug.ui",1271933569715
started,bundle,org.eclipse.jdt.debug,3.5.0.v20090526,"org.eclipse.jdt.debug",1271933570350
started,bundle,org.eclipse.jdt.debug.ui,3.4.1.v20090811_r351,"org.eclipse.jdt.debug.ui",1271933570529
deactivated,workbench,org.eclipse.ui.workbench,3.5.2.M20100113-0800,"",1271933571523
activated,workbench,org.eclipse.ui.workbench,3.5.2.M20100113-0800,"",1271933573941
started,bundle,org.eclipse.core.variables,3.2.200.v20090521,"org.eclipse.core.variables",1271933574255
activated,view,org.eclipse.jdt.ui,3.5.2.r352_v20100106-0800,"org.eclipse.jdt.ui.PackageExplorer",1271933576401
activated,editor,org.eclipse.jdt.ui,3.5.2.r352_v20100106-0800,"org.eclipse.jdt.ui.CompilationUnitEditor",1271933581656
opened,view,org.eclipse.ui.ide,3.5.2.M20100113-0800,"org.eclipse.ui.views.ProblemView",1271933594869
activated,editor,org.eclipse.jdt.ui,3.5.2.r352_v20100106-0800,"org.eclipse.jdt.ui.CompilationUnitEditor",1271933715904
deactivated,workbench,org.eclipse.ui.workbench,3.5.2.M20100113-0800,"",1271933717819
activated,workbench,org.eclipse.ui.workbench,3.5.2.M20100113-0800,"",1271933778328
executed,command,org.eclipse.ui,3.5.2.M20100120-0800,"org.eclipse.ui.edit.delete",1271933808872
activated,editor,org.eclipse.jdt.ui,3.5.2.r352_v20100106-0800,"org.eclipse.jdt.ui.CompilationUnitEditor",1271933832867
executed,command,org.eclipse.ui,3.5.2.M20100120-0800,"org.eclipse.ui.edit.delete",1271933859297
executed,command,org.eclipse.ui,3.5.2.M20100120-0800,"org.eclipse.ui.edit.delete",1271933859434
deactivated,workbench,org.eclipse.ui.workbench,3.5.2.M20100113-0800,"",1271933934065
activated,workbench,org.eclipse.ui.workbench,3.5.2.M20100113-0800,"",1271933936547
deactivated,workbench,org.eclipse.ui.workbench,3.5.2.M20100113-0800,"",1271933938445
activated,workbench,org.eclipse.ui.workbench,3.5.2.M20100113-0800,"",1271933939905
closed,workbench,org.eclipse.ui.workbench,3.5.2.M20100113-0800,"",1271933940226
stopped,bundle,org.eclipse.mylyn.ide.ant,3.2.3.v20100217-0100-e3x,"org.eclipse.mylyn.ide.ant",1271933940684
stopped,bundle,org.eclipse.ant.ui,3.4.2.v20091204_r352,"org.eclipse.ant.ui",1271933940785
stopped,bundle,org.eclipse.mylyn.java.tasks,3.2.3.v20100217-0100-e3x,"org.eclipse.mylyn.java.tasks",1271933940786
stopped,bundle,org.eclipse.mylyn.java.ui,3.2.3.v20100217-0100-e3x,"org.eclipse.mylyn.java.ui",1271933940786
stopped,bundle,org.eclipse.jdt.junit,3.5.2.r352_v20100113-0800,"org.eclipse.jdt.junit",1271933940786
stopped,bundle,org.eclipse.jdt.apt.ui,3.3.200.v20090930-2100_R35x,"org.eclipse.jdt.apt.ui",1271933940872
stopped,bundle,org.eclipse.jdt.debug.ui,3.4.1.v20090811_r351,"org.eclipse.jdt.debug.ui",1271933940872
activated,perspective,org.eclipse.jdt.ui,,"org.eclipse.jdt.ui.JavaPerspective",1272067200894
started,bundle,org.eclipse.osgi,3.5.2.R35x_v20100126,"org.eclipse.osgi",1272067200895
started,bundle,org.eclipse.equinox.simpleconfigurator,1.0.101.R35x_v20090807-1100,"org.eclipse.equinox.simpleconfigurator",1272067200910
started,bundle,com.ibm.icu,4.0.1.v20090822,"com.ibm.icu",1272067200985
started,bundle,org.eclipse.compare.core,3.5.0.I20090430-0408,"org.eclipse.compare.core",1272067201000
started,bundle,org.eclipse.core.contenttype,3.4.1.R35x_v20090826-0451,"org.eclipse.core.contenttype",1272067201009
started,bundle,org.eclipse.core.databinding.observable,1.2.0.M20090902-0800,"org.eclipse.core.databinding.observable",1272067201039
started,bundle,org.eclipse.core.expressions,3.4.101.R35x_v20100209,"org.eclipse.core.expressions",1272067201065
started,bundle,org.eclipse.core.filebuffers,3.5.0.v20090526-2000,"org.eclipse.core.filebuffers",1272067201080
started,bundle,org.eclipse.core.filesystem,1.2.1.R35x_v20091203-1235,"org.eclipse.core.filesystem",1272067201095
started,bundle,org.eclipse.core.jobs,3.4.100.v20090429-1800,"org.eclipse.core.jobs",1272067201146
started,bundle,org.eclipse.core.net,1.2.1.r35x_20090812-1200,"org.eclipse.core.net",1272067201183
started,bundle,org.eclipse.core.resources,3.5.2.R35x_v20091203-1235,"org.eclipse.core.resources",1272067201251
started,bundle,org.eclipse.core.runtime,3.5.0.v20090525,"org.eclipse.core.runtime",1272067201318
started,bundle,org.eclipse.core.runtime.compatibility,3.2.0.v20090413,"org.eclipse.core.runtime.compatibility",1272067201371
started,bundle,org.eclipse.core.runtime.compatibility.auth,3.2.100.v20090413,"org.eclipse.core.runtime.compatibility.auth",1272067201406
started,bundle,org.eclipse.debug.core,3.5.1.v20091103_r352,"org.eclipse.debug.core",1272067201469
started,bundle,org.eclipse.ecf.filetransfer,3.0.0.v20090831-1906,"org.eclipse.ecf.filetransfer",1272067201505
started,bundle,org.eclipse.epp.usagedata.gathering,1.1.1.R201001291118,"org.eclipse.epp.usagedata.gathering",1272067201593
started,bundle,org.eclipse.epp.usagedata.recording,1.1.1.R201001291118,"org.eclipse.epp.usagedata.recording",1272067201665
started,bundle,org.eclipse.equinox.app,1.2.1.R35x_v20091203,"org.eclipse.equinox.app",1272067201686
started,bundle,org.eclipse.equinox.common,3.5.1.R35x_v20090807-1100,"org.eclipse.equinox.common",1272067201712
started,bundle,org.eclipse.equinox.ds,1.1.1.R35x_v20090806,"org.eclipse.equinox.ds",1272067201724
started,bundle,org.eclipse.equinox.p2.core,1.0.101.R35x_v20090819,"org.eclipse.equinox.p2.core",1272067201792
started,bundle,org.eclipse.equinox.p2.director,1.0.101.R35x_v20100112,"org.eclipse.equinox.p2.director",1272067201851
